_id,name,password
ObjectId(5de20f72e1333619f34114df),malin,
ObjectId(5de46de5370d811f04a6aac6),jingjing,123456
ObjectId(5de46e5bf28e1212ac8cdda2),xiaoxiao,123456
ObjectId(5de46ee11eea5b21e02ec29e),小明,123456
ObjectId(5de46fbf997191236cb49256),亭宇,666666
ObjectId(5de48aeaf6290d28bcbe1085),王大锤,666888
ObjectId(5de4ad087f0220242c1eb4bf),许仙,666888
ObjectId(5de4ad55f9f0ca267c870d26),白素贞,666888
ObjectId(5de4add3f5b5c429c012eb62),小青,66688
ObjectId(5de4adffd03e092dd0948655),法海,66688
ObjectId(5de4b743b34e601a005c5ec5),xiaoxiao666,123456
ObjectId(5de4c979c8bbc9350406ec5e),xiaokang,123456
ObjectId(5de4c9d06ac8933178c8b2ab),xiaohua,e10adc3949ba59abbe56e057f20f883e
ObjectId(5de4cfe4f1411937042a4881),huahua,e10adc3949ba59abbe56e057f20f883e
